#SampleID	Current_Natural_Log_Ratio	collection_timepoint	collection_timestamp	date_collected	description	diet	elevation	elevation_units	empo_1	empo_2	empo_3	env_biome	env_feature	env_material	env_package	geo_loc_name	health_state	host_body_habitat	host_body_product	host_body_site	host_common_name	host_scientific_name	host_subject_id	host_taxid	host_weight	host_weight_units	iacuc_institute	iacuc_protocol_id	latitude	latitude_units	life_stage	longitude	longitude_units	source_M	source_F	source	marmoset_id	medication	plate_id	qiita_study_id	sample_type	scientific_name	sex	sex_of_pair	site	taxon_id	time_collected	timepoint_group	title	tube_id	timepoint_number
14577.EM.TP1	2.669447659	Pre	6/2/202112:00:00PM	6/2/21	11	pellet	193	meters	Host-associated	Animal	Animaldistalgut	urbanbiome	animal-associatedhabitat	feces	host-associated	USA:CA:SanDiego	apparentlyhealthy	UBERON:feces	UBERON:feces	UBERON:feces	marmoset	Callithrixjacchus	pair_ellen_mac	9483	notprovided	g	UCSD	S21131	32.842	Decimaldegrees	adult	-117.258	Decimaldegrees	internal	internal	internal_internal	ellen_mac	none	D1	14577	feces	primatemetagenome	notapplicable	MF	EliottField	1441288	lightsontonoon(ZT0-ZT6)	TP1	MarmosetDietChange-ACPResidentProject	363243236	1
14577.GK.TP1	-2.014217201	Pre	6/2/202112:00:00PM	6/2/21	22	pellet	193	meters	Host-associated	Animal	Animaldistalgut	urbanbiome	animal-associatedhabitat	feces	host-associated	USA:CA:SanDiego	apparentlyhealthy	UBERON:feces	UBERON:feces	UBERON:feces	marmoset	Callithrixjacchus	pair_gadget_kirk	9483	notprovided	g	UCSD	S21131	32.842	Decimaldegrees	adult	-117.258	Decimaldegrees	external	external	external_external	gadget_kirk	none	H1	14577	feces	marmosetgutmetagenome	notapplicable	MF	EliottField	1441288	lightsontonoon(ZT0-ZT6)	TP1	MarmosetDietChange-ACPResidentProject	363243245	1
14577.AB.TP1	-2.310400056	Pre	6/2/202112:00:00PM	6/2/21	12	gelandpellet	193	meters	Host-associated	Animal	Animaldistalgut	urbanbiome	animal-associatedhabitat	feces	host-associated	USA:CA:SanDiego	apparentlyhealthy	UBERON:feces	UBERON:feces	UBERON:feces	marmoset	Callithrixjacchus	pair_asami_beryl	9483	notprovided	g	UCSD	S21131	32.842	Decimaldegrees	adult	-117.258	Decimaldegrees	internal	external	external_internal	asami_beryl	none	B1	14577	feces	primatemetagenome	notapplicable	MF	EliottField	1441288	lightsontonoon(ZT0-ZT6)	TP1	MarmosetDietChange-ACPResidentProject	363243238	1
14577.JR.TP1	-1.045906121	Pre	6/2/202112:00:00PM	6/2/21	12	gelandpellet	193	meters	Host-associated	Animal	Animaldistalgut	urbanbiome	animal-associatedhabitat	feces	host-associated	USA:CA:SanDiego	apparentlyhealthy	UBERON:feces	UBERON:feces	UBERON:feces	marmoset	Callithrixjacchus	pair_johnny_rene	9483	notprovided	g	UCSD	S21131	32.842	Decimaldegrees	adult	-117.258	Decimaldegrees	external	internal	external_internal	johnny_rene	none	E1	14577	feces	primatemetagenome	notapplicable	MF	EliottField	1441288	lightsontonoon(ZT0-ZT6)	TP1	MarmosetDietChange-ACPResidentProject	363243246	1
14577.MA.TP11	-1.286337727	Post	7/11/202212:00:00PM	7/11/22	12	gel	193	meters	Host-associated	Animal	Animaldistalgut	urbanbiome	animal-associatedhabitat	feces	host-associated	USA:CA:SanDiego	apparentlyhealthy	UBERON:feces	UBERON:feces	UBERON:feces	marmoset	Callithrixjacchus	pair_martina_abel	9483	notprovided	g	UCSD	S21131	32.842	Decimaldegrees	adult	-117.258	Decimaldegrees	internal	external	external_internal	martina_abel	none	F12	14577	feces	marmosetgutmetagenome	notapplicable	MF	EliottField	1441288	lightsontonoon(ZT0-ZT6)	TP11	MarmosetDietChange-ACPResidentProject	363203965	11
14577.MA.TP1	-1.191020665	Pre	6/2/202112:00:00PM	6/2/21	12	pellet	193	meters	Host-associated	Animal	Animaldistalgut	urbanbiome	animal-associatedhabitat	feces	host-associated	USA:CA:SanDiego	apparentlyhealthy	UBERON:feces	UBERON:feces	UBERON:feces	marmoset	Callithrixjacchus	pair_martina_abel	9483	notprovided	g	UCSD	S21131	32.842	Decimaldegrees	adult	-117.258	Decimaldegrees	internal	external	external_internal	martina_abel	none	G1	14577	feces	marmosetgutmetagenome	notapplicable	MF	EliottField	1441288	lightsontonoon(ZT0-ZT6)	TP1	MarmosetDietChange-ACPResidentProject	363243243	1
14577.RC.TP1	-2.070470621	Pre	6/2/202112:00:00PM	6/2/21	12	pellet	193	meters	Host-associated	Animal	Animaldistalgut	urbanbiome	animal-associatedhabitat	feces	host-associated	USA:CA:SanDiego	apparentlyhealthy	UBERON:feces	UBERON:feces	UBERON:feces	marmoset	Callithrixjacchus	pair_reba_chrome	9483	notprovided	g	UCSD	S21131	32.842	Decimaldegrees	adult	-117.258	Decimaldegrees	internal	external	external_internal	reba_chrome	none	A1	14577	feces	marmosetgutmetagenome	notapplicable	MF	EliottField	1441288	lightsontonoon(ZT0-ZT6)	TP1	MarmosetDietChange-ACPResidentProject	363243235	1
14577.TB.TP1	0.447591419	Pre	6/2/202112:00:00PM	6/2/21	12	pellet	193	meters	Host-associated	Animal	Animaldistalgut	urbanbiome	animal-associatedhabitat	feces	host-associated	USA:CA:SanDiego	apparentlyhealthy	UBERON:feces	UBERON:feces	UBERON:feces	marmoset	Callithrixjacchus	pair_tammy_bane	9483	notprovided	g	UCSD	S21131	32.842	Decimaldegrees	adult	-117.258	Decimaldegrees	internal	external	external_internal	tammy_bane	none	F1	14577	feces	marmosetgutmetagenome	notapplicable	MF	EliottField	1441288	lightsontonoon(ZT0-ZT6)	TP1	MarmosetDietChange-ACPResidentProject	363243244	1
14577.TK.TP1	0.957211032	Pre	6/2/202112:00:00PM	6/2/21	12	pellet	193	meters	Host-associated	Animal	Animaldistalgut	urbanbiome	animal-associatedhabitat	feces	host-associated	USA:CA:SanDiego	apparentlyhealthy	UBERON:feces	UBERON:feces	UBERON:feces	marmoset	Callithrixjacchus	pair_toph_kenny	9483	notprovided	g	UCSD	S21131	32.842	Decimaldegrees	adult	-117.258	Decimaldegrees	external	internal	external_internal	kenny_toph	none	C1	14577	feces	marmosetgutmetagenome	notapplicable	MF	EliottField	1441288	lightsontonoon(ZT0-ZT6)	TP1	MarmosetDietChange-ACPResidentProject	363243237	1
14577.GK.TP4	-1.284859373	Pre	6/14/202112:00:00PM	6/14/21	12	pellet	193	meters	Host-associated	Animal	Animaldistalgut	urbanbiome	animal-associatedhabitat	feces	host-associated	USA:CA:SanDiego	apparentlyhealthy	UBERON:feces	UBERON:feces	UBERON:feces	marmoset	Callithrixjacchus	pair_gadget_kirk	9483	notprovided	g	UCSD	S21131	32.842	Decimaldegrees	adult	-117.258	Decimaldegrees	external	external	external_external	gadget_kirk	none	B5	14577	feces	marmosetgutmetagenome	notapplicable	MF	EliottField	1441288	lightsontonoon(ZT0-ZT6)	TP4	MarmosetDietChange-ACPResidentProject	363243259	4
14577.EM.TP3	3.822055922	Pre	6/8/202112:00:00PM	6/8/21	11	pellet	193	meters	Host-associated	Animal	Animaldistalgut	urbanbiome	animal-associatedhabitat	feces	host-associated	USA:CA:SanDiego	apparentlyhealthy	UBERON:feces	UBERON:feces	UBERON:feces	marmoset	Callithrixjacchus	pair_ellen_mac	9483	notprovided	g	UCSD	S21131	32.842	Decimaldegrees	adult	-117.258	Decimaldegrees	internal	internal	internal_internal	ellen_mac	none	F3	14577	feces	primatemetagenome	notapplicable	MF	EliottField	1441288	lightsontonoon(ZT0-ZT6)	TP3	MarmosetDietChange-ACPResidentProject	363243254	3
14577.AB.TP2	0.548730294	Pre	6/3/202112:00:00PM	6/3/21	12	gelandpellet	193	meters	Host-associated	Animal	Animaldistalgut	urbanbiome	animal-associatedhabitat	feces	host-associated	USA:CA:SanDiego	apparentlyhealthy	UBERON:feces	UBERON:feces	UBERON:feces	marmoset	Callithrixjacchus	pair_asami_beryl	9483	notprovided	g	UCSD	S21131	32.842	Decimaldegrees	adult	-117.258	Decimaldegrees	internal	external	external_internal	asami_beryl	none	C2	14577	feces	primatemetagenome	notapplicable	MF	EliottField	1441288	lightsontonoon(ZT0-ZT6)	TP2	MarmosetDietChange-ACPResidentProject	363243257	2
14577.EM.TP2	5.671472929	Pre	6/3/202112:00:00PM	6/3/21	11	pellet	193	meters	Host-associated	Animal	Animaldistalgut	urbanbiome	animal-associatedhabitat	feces	host-associated	USA:CA:SanDiego	apparentlyhealthy	UBERON:feces	UBERON:feces	UBERON:feces	marmoset	Callithrixjacchus	pair_ellen_mac	9483	notprovided	g	UCSD	S21131	32.842	Decimaldegrees	adult	-117.258	Decimaldegrees	internal	internal	internal_internal	ellen_mac	none	E2	14577	feces	primatemetagenome	notapplicable	MF	EliottField	1441288	lightsontonoon(ZT0-ZT6)	TP2	MarmosetDietChange-ACPResidentProject	363243249	2
14577.RC.TP2	-2.310407914	Pre	6/3/202112:00:00PM	6/3/21	12	pellet	193	meters	Host-associated	Animal	Animaldistalgut	urbanbiome	animal-associatedhabitat	feces	host-associated	USA:CA:SanDiego	apparentlyhealthy	UBERON:feces	UBERON:feces	UBERON:feces	marmoset	Callithrixjacchus	pair_reba_chrome	9483	notprovided	g	UCSD	S21131	32.842	Decimaldegrees	adult	-117.258	Decimaldegrees	internal	external	external_internal	reba_chrome	none	A2	14577	feces	marmosetgutmetagenome	notapplicable	MF	EliottField	1441288	lightsontonoon(ZT0-ZT6)	TP2	MarmosetDietChange-ACPResidentProject	363243255	2
14577.TB.TP2	-0.234708741	Pre	6/3/202112:00:00PM	6/3/21	12	pellet	193	meters	Host-associated	Animal	Animaldistalgut	urbanbiome	animal-associatedhabitat	feces	host-associated	USA:CA:SanDiego	apparentlyhealthy	UBERON:feces	UBERON:feces	UBERON:feces	marmoset	Callithrixjacchus	pair_tammy_bane	9483	notprovided	g	UCSD	S21131	32.842	Decimaldegrees	adult	-117.258	Decimaldegrees	internal	external	external_internal	tammy_bane	none	H2	14577	feces	marmosetgutmetagenome	notapplicable	MF	EliottField	1441288	lightsontonoon(ZT0-ZT6)	TP2	MarmosetDietChange-ACPResidentProject	363243247	2
14577.TB.TP3	0.691651622	Pre	6/8/202112:00:00PM	6/8/21	12	pellet	193	meters	Host-associated	Animal	Animaldistalgut	urbanbiome	animal-associatedhabitat	feces	host-associated	USA:CA:SanDiego	apparentlyhealthy	UBERON:feces	UBERON:feces	UBERON:feces	marmoset	Callithrixjacchus	pair_tammy_bane	9483	notprovided	g	UCSD	S21131	32.842	Decimaldegrees	adult	-117.258	Decimaldegrees	internal	external	external_internal	tammy_bane	none	H3	14577	feces	marmosetgutmetagenome	notapplicable	MF	EliottField	1441288	lightsontonoon(ZT0-ZT6)	TP3	MarmosetDietChange-ACPResidentProject	363243253	3
14577.TK.TP3	-0.94713413	Pre	6/8/202112:00:00PM	6/8/21	12	pellet	193	meters	Host-associated	Animal	Animaldistalgut	urbanbiome	animal-associatedhabitat	feces	host-associated	USA:CA:SanDiego	apparentlyhealthy	UBERON:feces	UBERON:feces	UBERON:feces	marmoset	Callithrixjacchus	pair_toph_kenny	9483	notprovided	g	UCSD	S21131	32.842	Decimaldegrees	adult	-117.258	Decimaldegrees	external	internal	external_internal	kenny_toph	none	E3	14577	feces	marmosetgutmetagenome	notapplicable	MF	EliottField	1441288	lightsontonoon(ZT0-ZT6)	TP3	MarmosetDietChange-ACPResidentProject	363243252	3
14577.EM.TP8	3.082590524	Post	7/9/202112:00:00PM	7/9/21	11	gel	193	meters	Host-associated	Animal	Animaldistalgut	urbanbiome	animal-associatedhabitat	feces	host-associated	USA:CA:SanDiego	apparentlyhealthy	UBERON:feces	UBERON:feces	UBERON:feces	marmoset	Callithrixjacchus	pair_ellen_mac	9483	notprovided	g	UCSD	S21131	32.842	Decimaldegrees	adult	-117.258	Decimaldegrees	internal	internal	internal_internal	ellen_mac	none	A10	14577	feces	primatemetagenome	notapplicable	MF	EliottField	1441288	lightsontonoon(ZT0-ZT6)	TP8	MarmosetDietChange-ACPResidentProject	363243316	8
14577.GK.TP7	-1.554067441	Post	7/2/202112:00:00PM	7/2/21	22	gel	193	meters	Host-associated	Animal	Animaldistalgut	urbanbiome	animal-associatedhabitat	feces	host-associated	USA:CA:SanDiego	apparentlyhealthy	UBERON:feces	UBERON:feces	UBERON:feces	marmoset	Callithrixjacchus	pair_gadget_kirk	9483	notprovided	g	UCSD	S21131	32.842	Decimaldegrees	adult	-117.258	Decimaldegrees	external	external	external_external	gadget_kirk	none	C8	14577	feces	marmosetgutmetagenome	notapplicable	MF	EliottField	1441288	lightsontonoon(ZT0-ZT6)	TP7	MarmosetDietChange-ACPResidentProject	363243310	7
14577.EM.TP9	2.77508044	Post	7/19/202112:00:00PM	7/19/21	11	gel	193	meters	Host-associated	Animal	Animaldistalgut	urbanbiome	animal-associatedhabitat	feces	host-associated	USA:CA:SanDiego	apparentlyhealthy	UBERON:feces	UBERON:feces	UBERON:feces	marmoset	Callithrixjacchus	pair_ellen_mac	9483	notprovided	g	UCSD	S21131	32.842	Decimaldegrees	adult	-117.258	Decimaldegrees	internal	internal	internal_internal	ellen_mac	none	G8	14577	feces	primatemetagenome	notapplicable	MF	EliottField	1441288	lightsontonoon(ZT0-ZT6)	TP9	MarmosetDietChange-ACPResidentProject	363243305	9
14577.MA.TP8	-1.692811422	Post	7/9/202112:00:00PM	7/9/21	12	gel	193	meters	Host-associated	Animal	Animaldistalgut	urbanbiome	animal-associatedhabitat	feces	host-associated	USA:CA:SanDiego	apparentlyhealthy	UBERON:feces	UBERON:feces	UBERON:feces	marmoset	Callithrixjacchus	pair_martina_abel	9483	notprovided	g	UCSD	S21131	32.842	Decimaldegrees	adult	-117.258	Decimaldegrees	internal	external	external_internal	martina_abel	none	D10	14577	feces	marmosetgutmetagenome	notapplicable	MF	EliottField	1441288	lightsontonoon(ZT0-ZT6)	TP8	MarmosetDietChange-ACPResidentProject	363243318	8
14577.RC.TP5	0.884386952	Transition	6/25/202112:00:00PM	6/25/21	12	gelandpellet	193	meters	Host-associated	Animal	Animaldistalgut	urbanbiome	animal-associatedhabitat	feces	host-associated	USA:CA:SanDiego	apparentlyhealthy	UBERON:feces	UBERON:feces	UBERON:feces	marmoset	Callithrixjacchus	pair_reba_chrome	9483	notprovided	g	UCSD	S21131	32.842	Decimaldegrees	adult	-117.258	Decimaldegrees	internal	external	external_internal	reba_chrome	none	C5	14577	feces	marmosetgutmetagenome	notapplicable	MF	EliottField	1441288	lightsontonoon(ZT0-ZT6)	TP5	MarmosetDietChange-ACPResidentProject	363243288	5
14577.EM.TP10	3.588113408	Post	4/14/202212:00:00PM	4/14/22	11	gel	193	meters	Host-associated	Animal	Animaldistalgut	urbanbiome	animal-associatedhabitat	feces	host-associated	USA:CA:SanDiego	apparentlyhealthy	UBERON:feces	UBERON:feces	UBERON:feces	marmoset	Callithrixjacchus	pair_ellen_mac	9483	notprovided	g	UCSD	S21131	32.842	Decimaldegrees	adult	-117.258	Decimaldegrees	internal	internal	internal_internal	ellen_mac	none	A11	14577	feces	primatemetagenome	notapplicable	MF	EliottField	1441288	lightsontonoon(ZT0-ZT6)	TP10	MarmosetDietChange-ACPResidentProject	363243315	10
14577.EM.TP11	1.764486705	Post	7/11/202212:00:00PM	7/11/22	11	gel	193	meters	Host-associated	Animal	Animaldistalgut	urbanbiome	animal-associatedhabitat	feces	host-associated	USA:CA:SanDiego	apparentlyhealthy	UBERON:feces	UBERON:feces	UBERON:feces	marmoset	Callithrixjacchus	pair_ellen_mac	9483	notprovided	g	UCSD	S21131	32.842	Decimaldegrees	adult	-117.258	Decimaldegrees	internal	internal	internal_internal	ellen_mac	none	C12	14577	feces	primatemetagenome	notapplicable	MF	EliottField	1441288	lightsontonoon(ZT0-ZT6)	TP11	MarmosetDietChange-ACPResidentProject	363243331	11
14577.EM.TP7	3.629971719	Post	7/2/202112:00:00PM	7/2/21	11	gel	193	meters	Host-associated	Animal	Animaldistalgut	urbanbiome	animal-associatedhabitat	feces	host-associated	USA:CA:SanDiego	apparentlyhealthy	UBERON:feces	UBERON:feces	UBERON:feces	marmoset	Callithrixjacchus	pair_ellen_mac	9483	notprovided	g	UCSD	S21131	32.842	Decimaldegrees	adult	-117.258	Decimaldegrees	internal	internal	internal_internal	ellen_mac	none	G7	14577	feces	primatemetagenome	notapplicable	MF	EliottField	1441288	lightsontonoon(ZT0-ZT6)	TP7	MarmosetDietChange-ACPResidentProject	363243291	7
14577.TB.TP9	2.780759889	Post	7/19/202112:00:00PM	7/19/21	12	gel	193	meters	Host-associated	Animal	Animaldistalgut	urbanbiome	animal-associatedhabitat	feces	host-associated	USA:CA:SanDiego	apparentlyhealthy	UBERON:feces	UBERON:feces	UBERON:feces	marmoset	Callithrixjacchus	pair_tammy_bane	9483	notprovided	g	UCSD	S21131	32.842	Decimaldegrees	adult	-117.258	Decimaldegrees	internal	external	external_internal	tammy_bane	none	C10	14577	feces	marmosetgutmetagenome	notapplicable	MF	EliottField	1441288	lightsontonoon(ZT0-ZT6)	TP9	MarmosetDietChange-ACPResidentProject	363243317	9
14577.EM.TP5	3.565369943	Transition	6/25/202112:00:00PM	6/25/21	11	gelandpellet	193	meters	Host-associated	Animal	Animaldistalgut	urbanbiome	animal-associatedhabitat	feces	host-associated	USA:CA:SanDiego	apparentlyhealthy	UBERON:feces	UBERON:feces	UBERON:feces	marmoset	Callithrixjacchus	pair_ellen_mac	9483	notprovided	g	UCSD	S21131	32.842	Decimaldegrees	adult	-117.258	Decimaldegrees	internal	internal	internal_internal	ellen_mac	none	H5	14577	feces	primatemetagenome	notapplicable	MF	EliottField	1441288	lightsontonoon(ZT0-ZT6)	TP5	MarmosetDietChange-ACPResidentProject	363243290	5
14577.GK.TP8	-2.031791217	Post	7/9/202112:00:00PM	7/9/21	22	gel	193	meters	Host-associated	Animal	Animaldistalgut	urbanbiome	animal-associatedhabitat	feces	host-associated	USA:CA:SanDiego	apparentlyhealthy	UBERON:feces	UBERON:feces	UBERON:feces	marmoset	Callithrixjacchus	pair_gadget_kirk	9483	notprovided	g	UCSD	S21131	32.842	Decimaldegrees	adult	-117.258	Decimaldegrees	external	external	external_external	gadget_kirk	none	E10	14577	feces	marmosetgutmetagenome	notapplicable	MF	EliottField	1441288	lightsontonoon(ZT0-ZT6)	TP8	MarmosetDietChange-ACPResidentProject	363243319	8
14577.AB.TP9	2.361673328	Post	7/19/202112:00:00PM	7/19/21	12	gel	193	meters	Host-associated	Animal	Animaldistalgut	urbanbiome	animal-associatedhabitat	feces	host-associated	USA:CA:SanDiego	apparentlyhealthy	UBERON:feces	UBERON:feces	UBERON:feces	marmoset	Callithrixjacchus	pair_asami_beryl	9483	notprovided	g	UCSD	S21131	32.842	Decimaldegrees	adult	-117.258	Decimaldegrees	internal	external	external_internal	asami_beryl	none	E8	14577	feces	primatemetagenome	notapplicable	MF	EliottField	1441288	lightsontonoon(ZT0-ZT6)	TP9	MarmosetDietChange-ACPResidentProject	363243304	9
14577.AB.TP8	0.95338765	Post	7/9/202112:00:00PM	7/9/21	12	gel	193	meters	Host-associated	Animal	Animaldistalgut	urbanbiome	animal-associatedhabitat	feces	host-associated	USA:CA:SanDiego	apparentlyhealthy	UBERON:feces	UBERON:feces	UBERON:feces	marmoset	Callithrixjacchus	pair_asami_beryl	9483	notprovided	g	UCSD	S21131	32.842	Decimaldegrees	adult	-117.258	Decimaldegrees	internal	external	external_internal	asami_beryl	none	G9	14577	feces	primatemetagenome	notapplicable	MF	EliottField	1441288	lightsontonoon(ZT0-ZT6)	TP8	MarmosetDietChange-ACPResidentProject	363243311	8
14577.TK.TP7	3.354765421	Post	7/2/202112:00:00PM	7/2/21	12	gel	193	meters	Host-associated	Animal	Animaldistalgut	urbanbiome	animal-associatedhabitat	feces	host-associated	USA:CA:SanDiego	apparentlyhealthy	UBERON:feces	UBERON:feces	UBERON:feces	marmoset	Callithrixjacchus	pair_toph_kenny	9483	notprovided	g	UCSD	S21131	32.842	Decimaldegrees	adult	-117.258	Decimaldegrees	external	internal	external_internal	kenny_toph	none	F7	14577	feces	marmosetgutmetagenome	notapplicable	MF	EliottField	1441288	lightsontonoon(ZT0-ZT6)	TP7	MarmosetDietChange-ACPResidentProject	363243292	7
14577.TK.TP6	0.219531782	Post	7/1/202112:00:00PM	7/1/21	12	gel	193	meters	Host-associated	Animal	Animaldistalgut	urbanbiome	animal-associatedhabitat	feces	host-associated	USA:CA:SanDiego	apparentlyhealthy	UBERON:feces	UBERON:feces	UBERON:feces	marmoset	Callithrixjacchus	pair_toph_kenny	9483	notprovided	g	UCSD	S21131	32.842	Decimaldegrees	adult	-117.258	Decimaldegrees	external	internal	external_internal	kenny_toph	none	F6	14577	feces	marmosetgutmetagenome	notapplicable	MF	EliottField	1441288	lightsontonoon(ZT0-ZT6)	TP6	MarmosetDietChange-ACPResidentProject	363243268	6
14577.MA.TP9	-1.018317317	Post	7/19/202112:00:00PM	7/19/21	12	gel	193	meters	Host-associated	Animal	Animaldistalgut	urbanbiome	animal-associatedhabitat	feces	host-associated	USA:CA:SanDiego	apparentlyhealthy	UBERON:feces	UBERON:feces	UBERON:feces	marmoset	Callithrixjacchus	pair_martina_abel	9483	notprovided	g	UCSD	S21131	32.842	Decimaldegrees	adult	-117.258	Decimaldegrees	internal	external	external_internal	martina_abel	none	B9	14577	feces	marmosetgutmetagenome	notapplicable	MF	EliottField	1441288	lightsontonoon(ZT0-ZT6)	TP9	MarmosetDietChange-ACPResidentProject	363243308	9
14577.TB.TP7	2.406887141	Post	7/2/202112:00:00PM	7/2/21	12	gel	193	meters	Host-associated	Animal	Animaldistalgut	urbanbiome	animal-associatedhabitat	feces	host-associated	USA:CA:SanDiego	apparentlyhealthy	UBERON:feces	UBERON:feces	UBERON:feces	marmoset	Callithrixjacchus	pair_tammy_bane	9483	notprovided	g	UCSD	S21131	32.842	Decimaldegrees	adult	-117.258	Decimaldegrees	internal	external	external_internal	tammy_bane	none	A8	14577	feces	marmosetgutmetagenome	notapplicable	MF	EliottField	1441288	lightsontonoon(ZT0-ZT6)	TP7	MarmosetDietChange-ACPResidentProject	363243313	7
14577.RC.TP3	-1.759519992	Pre	6/8/202112:00:00PM	6/8/21	12	pellet	193	meters	Host-associated	Animal	Animaldistalgut	urbanbiome	animal-associatedhabitat	feces	host-associated	USA:CA:SanDiego	apparentlyhealthy	UBERON:feces	UBERON:feces	UBERON:feces	marmoset	Callithrixjacchus	pair_reba_chrome	9483	notprovided	g	UCSD	S21131	32.842	Decimaldegrees	adult	-117.258	Decimaldegrees	internal	external	external_internal	reba_chrome	none	C3	14577	feces	marmosetgutmetagenome	notapplicable	MF	EliottField	1441288	lightsontonoon(ZT0-ZT6)	TP3	MarmosetDietChange-ACPResidentProject	363243265	3
14577.AB.TP10	-2.332257794	Post	4/14/202212:00:00PM	4/14/22	12	gel	193	meters	Host-associated	Animal	Animaldistalgut	urbanbiome	animal-associatedhabitat	feces	host-associated	USA:CA:SanDiego	apparentlyhealthy	UBERON:feces	UBERON:feces	UBERON:feces	marmoset	Callithrixjacchus	pair_asami_beryl	9483	notprovided	g	UCSD	S21131	32.842	Decimaldegrees	adult	-117.258	Decimaldegrees	internal	external	external_internal	asami_beryl	none	G10	14577	feces	primatemetagenome	notapplicable	MF	EliottField	1441288	lightsontonoon(ZT0-ZT6)	TP10	MarmosetDietChange-ACPResidentProject	363243336	10
14577.GK.TP11	-2.235850328	Post	7/11/202212:00:00PM	7/11/22	22	gel	193	meters	Host-associated	Animal	Animaldistalgut	urbanbiome	animal-associatedhabitat	feces	host-associated	USA:CA:SanDiego	apparentlyhealthy	UBERON:feces	UBERON:feces	UBERON:feces	marmoset	Callithrixjacchus	pair_gadget_kirk	9483	notprovided	g	UCSD	S21131	32.842	Decimaldegrees	adult	-117.258	Decimaldegrees	external	external	external_external	gadget_kirk	none	G12	14577	feces	marmosetgutmetagenome	notapplicable	MF	EliottField	1441288	lightsontonoon(ZT0-ZT6)	TP11	MarmosetDietChange-ACPResidentProject	363243335	11
14577.AB.TP11	-0.513037113	Post	7/11/202212:00:00PM	7/11/22	12	gel	193	meters	Host-associated	Animal	Animaldistalgut	urbanbiome	animal-associatedhabitat	feces	host-associated	USA:CA:SanDiego	apparentlyhealthy	UBERON:feces	UBERON:feces	UBERON:feces	marmoset	Callithrixjacchus	pair_asami_beryl	9483	notprovided	g	UCSD	S21131	32.842	Decimaldegrees	adult	-117.258	Decimaldegrees	internal	external	external_internal	asami_beryl	none	A12	14577	feces	primatemetagenome	notapplicable	MF	EliottField	1441288	lightsontonoon(ZT0-ZT6)	TP11	MarmosetDietChange-ACPResidentProject	363243344	11
14577.JR.TP11	-2.356394973	Post	7/11/202212:00:00PM	7/11/22	12	gel	193	meters	Host-associated	Animal	Animaldistalgut	urbanbiome	animal-associatedhabitat	feces	host-associated	USA:CA:SanDiego	apparentlyhealthy	UBERON:feces	UBERON:feces	UBERON:feces	marmoset	Callithrixjacchus	pair_johnny_rene	9483	notprovided	g	UCSD	S21131	32.842	Decimaldegrees	adult	-117.258	Decimaldegrees	external	internal	external_internal	johnny_rene	none	D12	14577	feces	primatemetagenome	notapplicable	MF	EliottField	1441288	lightsontonoon(ZT0-ZT6)	TP11	MarmosetDietChange-ACPResidentProject	363243332	11
14577.JR.TP2	0.243723804	Pre	6/3/202112:00:00PM	6/3/21	12	gelandpellet	193	meters	Host-associated	Animal	Animaldistalgut	urbanbiome	animal-associatedhabitat	feces	host-associated	USA:CA:SanDiego	apparentlyhealthy	UBERON:feces	UBERON:feces	UBERON:feces	marmoset	Callithrixjacchus	pair_johnny_rene	9483	notprovided	g	UCSD	S21131	32.842	Decimaldegrees	adult	-117.258	Decimaldegrees	external	internal	external_internal	johnny_rene	none	F2	14577	feces	primatemetagenome	notapplicable	MF	EliottField	1441288	lightsontonoon(ZT0-ZT6)	TP2	MarmosetDietChange-ACPResidentProject	363243337	2
14577.TK.TP9	2.817608862	Post	7/19/202112:00:00PM	7/19/21	12	gel	193	meters	Host-associated	Animal	Animaldistalgut	urbanbiome	animal-associatedhabitat	feces	host-associated	USA:CA:SanDiego	apparentlyhealthy	UBERON:feces	UBERON:feces	UBERON:feces	marmoset	Callithrixjacchus	pair_toph_kenny	9483	notprovided	g	UCSD	S21131	32.842	Decimaldegrees	adult	-117.258	Decimaldegrees	external	internal	external_internal	kenny_toph	none	H9	14577	feces	marmosetgutmetagenome	notapplicable	MF	EliottField	1441288	lightsontonoon(ZT0-ZT6)	TP9	MarmosetDietChange-ACPResidentProject	363243314	9
14577.TB.TP11	2.091340426	Post	7/11/202212:00:00PM	7/11/22	12	gel	193	meters	Host-associated	Animal	Animaldistalgut	urbanbiome	animal-associatedhabitat	feces	host-associated	USA:CA:SanDiego	apparentlyhealthy	UBERON:feces	UBERON:feces	UBERON:feces	marmoset	Callithrixjacchus	pair_tammy_bane	9483	notprovided	g	UCSD	S21131	32.842	Decimaldegrees	adult	-117.258	Decimaldegrees	internal	external	external_internal	tammy_bane	none	E12	14577	feces	marmosetgutmetagenome	notapplicable	MF	EliottField	1441288	lightsontonoon(ZT0-ZT6)	TP11	MarmosetDietChange-ACPResidentProject	363243334	11
14577.TK.TP11	-2.762010763	Post	7/11/202212:00:00PM	7/11/22	12	gel	193	meters	Host-associated	Animal	Animaldistalgut	urbanbiome	animal-associatedhabitat	feces	host-associated	USA:CA:SanDiego	apparentlyhealthy	UBERON:feces	UBERON:feces	UBERON:feces	marmoset	Callithrixjacchus	pair_toph_kenny	9483	notprovided	g	UCSD	S21131	32.842	Decimaldegrees	adult	-117.258	Decimaldegrees	external	internal	external_internal	kenny_toph	none	B12	14577	feces	marmosetgutmetagenome	notapplicable	MF	EliottField	1441288	lightsontonoon(ZT0-ZT6)	TP11	MarmosetDietChange-ACPResidentProject	363243333	11
14577.JR.TP9	-1.242131954	Post	7/19/202112:00:00PM	7/19/21	12	gel	193	meters	Host-associated	Animal	Animaldistalgut	urbanbiome	animal-associatedhabitat	feces	host-associated	USA:CA:SanDiego	apparentlyhealthy	UBERON:feces	UBERON:feces	UBERON:feces	marmoset	Callithrixjacchus	pair_johnny_rene	9483	notprovided	g	UCSD	S21131	32.842	Decimaldegrees	adult	-117.258	Decimaldegrees	external	internal	external_internal	johnny_rene	none	B10	14577	feces	primatemetagenome	notapplicable	MF	EliottField	1441288	lightsontonoon(ZT0-ZT6)	TP9	MarmosetDietChange-ACPResidentProject	363243327	9
14577.JR.TP7	-0.87441615	Post	7/2/202112:00:00PM	7/2/21	12	gel	193	meters	Host-associated	Animal	Animaldistalgut	urbanbiome	animal-associatedhabitat	feces	host-associated	USA:CA:SanDiego	apparentlyhealthy	UBERON:feces	UBERON:feces	UBERON:feces	marmoset	Callithrixjacchus	pair_johnny_rene	9483	notprovided	g	UCSD	S21131	32.842	Decimaldegrees	adult	-117.258	Decimaldegrees	external	internal	external_internal	johnny_rene	none	H7	14577	feces	primatemetagenome	notapplicable	MF	EliottField	1441288	lightsontonoon(ZT0-ZT6)	TP7	MarmosetDietChange-ACPResidentProject	363243298	7
14577.GK.TP9	-0.21220257	Post	7/19/202112:00:00PM	7/19/21	12	gel	193	meters	Host-associated	Animal	Animaldistalgut	urbanbiome	animal-associatedhabitat	feces	host-associated	USA:CA:SanDiego	apparentlyhealthy	UBERON:feces	UBERON:feces	UBERON:feces	marmoset	Callithrixjacchus	pair_gadget_kirk	9483	notprovided	g	UCSD	S21131	32.842	Decimaldegrees	adult	-117.258	Decimaldegrees	external	external	external_external	gadget_kirk	none	C9	14577	feces	marmosetgutmetagenome	notapplicable	MF	EliottField	1441288	lightsontonoon(ZT0-ZT6)	TP9	MarmosetDietChange-ACPResidentProject	363243307	9
14577.MA.TP6	-1.208024735	Post	7/1/202112:00:00PM	7/1/21	12	gel	193	meters	Host-associated	Animal	Animaldistalgut	urbanbiome	animal-associatedhabitat	feces	host-associated	USA:CA:SanDiego	apparentlyhealthy	UBERON:feces	UBERON:feces	UBERON:feces	marmoset	Callithrixjacchus	pair_martina_abel	9483	notprovided	g	UCSD	S21131	32.842	Decimaldegrees	adult	-117.258	Decimaldegrees	internal	external	external_internal	martina_abel	none	B7	14577	feces	marmosetgutmetagenome	notapplicable	MF	EliottField	1441288	lightsontonoon(ZT0-ZT6)	TP6	MarmosetDietChange-ACPResidentProject	363243296	6
14577.GK.TP10	-2.059423535	Post	4/14/202212:00:00PM	4/14/22	22	gel	193	meters	Host-associated	Animal	Animaldistalgut	urbanbiome	animal-associatedhabitat	feces	host-associated	USA:CA:SanDiego	apparentlyhealthy	UBERON:feces	UBERON:feces	UBERON:feces	marmoset	Callithrixjacchus	pair_gadget_kirk	9483	notprovided	g	UCSD	S21131	32.842	Decimaldegrees	adult	-117.258	Decimaldegrees	external	external	external_external	gadget_kirk	none	F11	14577	feces	marmosetgutmetagenome	notapplicable	MF	EliottField	1441288	lightsontonoon(ZT0-ZT6)	TP10	MarmosetDietChange-ACPResidentProject	363243326	10
14577.JR.TP10	-2.727509891	Post	4/14/202212:00:00PM	4/14/22	12	gel	193	meters	Host-associated	Animal	Animaldistalgut	urbanbiome	animal-associatedhabitat	feces	host-associated	USA:CA:SanDiego	apparentlyhealthy	UBERON:feces	UBERON:feces	UBERON:feces	marmoset	Callithrixjacchus	pair_johnny_rene	9483	notprovided	g	UCSD	S21131	32.842	Decimaldegrees	adult	-117.258	Decimaldegrees	external	internal	external_internal	johnny_rene	none	C11	14577	feces	primatemetagenome	notapplicable	MF	EliottField	1441288	lightsontonoon(ZT0-ZT6)	TP10	MarmosetDietChange-ACPResidentProject	363243325	10
14577.RC.TP8	-1.295616393	Post	7/9/202112:00:00PM	7/9/21	12	gel	193	meters	Host-associated	Animal	Animaldistalgut	urbanbiome	animal-associatedhabitat	feces	host-associated	USA:CA:SanDiego	apparentlyhealthy	UBERON:feces	UBERON:feces	UBERON:feces	marmoset	Callithrixjacchus	pair_reba_chrome	9483	notprovided	g	UCSD	S21131	32.842	Decimaldegrees	adult	-117.258	Decimaldegrees	internal	external	external_internal	reba_chrome	none	D8	14577	feces	marmosetgutmetagenome	notapplicable	MF	EliottField	1441288	lightsontonoon(ZT0-ZT6)	TP8	MarmosetDietChange-ACPResidentProject	363243303	8
14577.MA.TP10	-2.188919407	Post	4/14/202212:00:00PM	4/14/22	12	gel	193	meters	Host-associated	Animal	Animaldistalgut	urbanbiome	animal-associatedhabitat	feces	host-associated	USA:CA:SanDiego	apparentlyhealthy	UBERON:feces	UBERON:feces	UBERON:feces	marmoset	Callithrixjacchus	pair_martina_abel	9483	notprovided	g	UCSD	S21131	32.842	Decimaldegrees	adult	-117.258	Decimaldegrees	internal	external	external_internal	martina_abel	none	E11	14577	feces	marmosetgutmetagenome	notapplicable	MF	EliottField	1441288	lightsontonoon(ZT0-ZT6)	TP10	MarmosetDietChange-ACPResidentProject	363243328	10
14577.TB.TP6	2.51640513	Post	7/1/202112:00:00PM	7/1/21	12	gel	193	meters	Host-associated	Animal	Animaldistalgut	urbanbiome	animal-associatedhabitat	feces	host-associated	USA:CA:SanDiego	apparentlyhealthy	UBERON:feces	UBERON:feces	UBERON:feces	marmoset	Callithrixjacchus	pair_tammy_bane	9483	notprovided	g	UCSD	S21131	32.842	Decimaldegrees	adult	-117.258	Decimaldegrees	internal	external	external_internal	tammy_bane	none	A7	14577	feces	marmosetgutmetagenome	notapplicable	MF	EliottField	1441288	lightsontonoon(ZT0-ZT6)	TP6	MarmosetDietChange-ACPResidentProject	363243297	6
14577.RC.TP10	-2.754824219	Post	4/14/202212:00:00PM	4/14/22	12	gel	193	meters	Host-associated	Animal	Animaldistalgut	urbanbiome	animal-associatedhabitat	feces	host-associated	USA:CA:SanDiego	apparentlyhealthy	UBERON:feces	UBERON:feces	UBERON:feces	marmoset	Callithrixjacchus	pair_reba_chrome	9483	notprovided	g	UCSD	S21131	32.842	Decimaldegrees	adult	-117.258	Decimaldegrees	internal	external	external_internal	reba_chrome	none	F10	14577	feces	marmosetgutmetagenome	notapplicable	MF	EliottField	1441288	lightsontonoon(ZT0-ZT6)	TP10	MarmosetDietChange-ACPResidentProject	363243321	10
14577.RC.TP11	-1.654320137	Post	7/11/202212:00:00PM	7/11/22	12	gel	193	meters	Host-associated	Animal	Animaldistalgut	urbanbiome	animal-associatedhabitat	feces	host-associated	USA:CA:SanDiego	apparentlyhealthy	UBERON:feces	UBERON:feces	UBERON:feces	marmoset	Callithrixjacchus	pair_reba_chrome	9483	notprovided	g	UCSD	S21131	32.842	Decimaldegrees	adult	-117.258	Decimaldegrees	internal	external	external_internal	reba_chrome	none	H11	14577	feces	marmosetgutmetagenome	notapplicable	MF	EliottField	1441288	lightsontonoon(ZT0-ZT6)	TP11	MarmosetDietChange-ACPResidentProject	363243329	11
14577.GK.TP3	3.462842548	Pre	6/8/202112:00:00PM	6/8/21	12	pellet	193	meters	Host-associated	Animal	Animaldistalgut	urbanbiome	animal-associatedhabitat	feces	host-associated	USA:CA:SanDiego	apparentlyhealthy	UBERON:feces	UBERON:feces	UBERON:feces	marmoset	Callithrixjacchus	pair_gadget_kirk	9483	notprovided	g	UCSD	S21131	32.842	Decimaldegrees	adult	-117.258	Decimaldegrees	external	external	external_external	gadget_kirk	none	B4	14577	feces	marmosetgutmetagenome	notapplicable	MF	EliottField	1441288	lightsontonoon(ZT0-ZT6)	TP3	MarmosetDietChange-ACPResidentProject	363243273	3
14577.RC.TP9	-1.472928051	Post	7/19/202112:00:00PM	7/19/21	12	gel	193	meters	Host-associated	Animal	Animaldistalgut	urbanbiome	animal-associatedhabitat	feces	host-associated	USA:CA:SanDiego	apparentlyhealthy	UBERON:feces	UBERON:feces	UBERON:feces	marmoset	Callithrixjacchus	pair_reba_chrome	9483	notprovided	g	UCSD	S21131	32.842	Decimaldegrees	adult	-117.258	Decimaldegrees	internal	external	external_internal	reba_chrome	none	E9	14577	feces	marmosetgutmetagenome	notapplicable	MF	EliottField	1441288	lightsontonoon(ZT0-ZT6)	TP9	MarmosetDietChange-ACPResidentProject	363243322	9
14577.GK.TP5	-1.174081304	Transition	6/25/202112:00:00PM	6/25/21	22	gelandpellet	193	meters	Host-associated	Animal	Animaldistalgut	urbanbiome	animal-associatedhabitat	feces	host-associated	USA:CA:SanDiego	apparentlyhealthy	UBERON:feces	UBERON:feces	UBERON:feces	marmoset	Callithrixjacchus	pair_gadget_kirk	9483	notprovided	g	UCSD	S21131	32.842	Decimaldegrees	adult	-117.258	Decimaldegrees	external	external	external_external	gadget_kirk	none	C6	14577	feces	marmosetgutmetagenome	notapplicable	MF	EliottField	1441288	lightsontonoon(ZT0-ZT6)	TP5	MarmosetDietChange-ACPResidentProject	363243276	5
14577.MA.TP4	-0.094434565	Pre	6/14/202112:00:00PM	6/14/21	12	pellet	193	meters	Host-associated	Animal	Animaldistalgut	urbanbiome	animal-associatedhabitat	feces	host-associated	USA:CA:SanDiego	apparentlyhealthy	UBERON:feces	UBERON:feces	UBERON:feces	marmoset	Callithrixjacchus	pair_martina_abel	9483	notprovided	g	UCSD	S21131	32.842	Decimaldegrees	adult	-117.258	Decimaldegrees	internal	external	external_internal	martina_abel	none	D4	14577	feces	marmosetgutmetagenome	notapplicable	MF	EliottField	1441288	lightsontonoon(ZT0-ZT6)	TP4	MarmosetDietChange-ACPResidentProject	363243272	4
14577.AB.TP5	-2.664778771	Transition	6/25/202112:00:00PM	6/25/21	12	gelandpellet	193	meters	Host-associated	Animal	Animaldistalgut	urbanbiome	animal-associatedhabitat	feces	host-associated	USA:CA:SanDiego	apparentlyhealthy	UBERON:feces	UBERON:feces	UBERON:feces	marmoset	Callithrixjacchus	pair_asami_beryl	9483	notprovided	g	UCSD	S21131	32.842	Decimaldegrees	adult	-117.258	Decimaldegrees	internal	external	external_internal	asami_beryl	none	E5	14577	feces	primatemetagenome	notapplicable	MF	EliottField	1441288	lightsontonoon(ZT0-ZT6)	TP5	MarmosetDietChange-ACPResidentProject	363243278	5
14577.MA.TP5	-1.609182904	Transition	6/25/202112:00:00PM	6/25/21	12	gelandpellet	193	meters	Host-associated	Animal	Animaldistalgut	urbanbiome	animal-associatedhabitat	feces	host-associated	USA:CA:SanDiego	apparentlyhealthy	UBERON:feces	UBERON:feces	UBERON:feces	marmoset	Callithrixjacchus	pair_martina_abel	9483	notprovided	g	UCSD	S21131	32.842	Decimaldegrees	adult	-117.258	Decimaldegrees	internal	external	external_internal	martina_abel	none	B6	14577	feces	marmosetgutmetagenome	notapplicable	MF	EliottField	1441288	lightsontonoon(ZT0-ZT6)	TP5	MarmosetDietChange-ACPResidentProject	363243283	5
14577.MA.TP3	-1.449306534	Pre	6/8/202112:00:00PM	6/8/21	12	pellet	193	meters	Host-associated	Animal	Animaldistalgut	urbanbiome	animal-associatedhabitat	feces	host-associated	USA:CA:SanDiego	apparentlyhealthy	UBERON:feces	UBERON:feces	UBERON:feces	marmoset	Callithrixjacchus	pair_martina_abel	9483	notprovided	g	UCSD	S21131	32.842	Decimaldegrees	adult	-117.258	Decimaldegrees	internal	external	external_internal	martina_abel	none	A4	14577	feces	marmosetgutmetagenome	notapplicable	MF	EliottField	1441288	lightsontonoon(ZT0-ZT6)	TP3	MarmosetDietChange-ACPResidentProject	363243274	3
14577.RC.TP4	-0.651028399	Pre	6/14/202112:00:00PM	6/14/21	12	pellet	193	meters	Host-associated	Animal	Animaldistalgut	urbanbiome	animal-associatedhabitat	feces	host-associated	USA:CA:SanDiego	apparentlyhealthy	UBERON:feces	UBERON:feces	UBERON:feces	marmoset	Callithrixjacchus	pair_reba_chrome	9483	notprovided	g	UCSD	S21131	32.842	Decimaldegrees	adult	-117.258	Decimaldegrees	internal	external	external_internal	reba_chrome	none	C4	14577	feces	marmosetgutmetagenome	notapplicable	MF	EliottField	1441288	lightsontonoon(ZT0-ZT6)	TP4	MarmosetDietChange-ACPResidentProject	363243282	4
14577.RC.TP6	1.421172989	Post	7/1/202112:00:00PM	7/1/21	12	gel	193	meters	Host-associated	Animal	Animaldistalgut	urbanbiome	animal-associatedhabitat	feces	host-associated	USA:CA:SanDiego	apparentlyhealthy	UBERON:feces	UBERON:feces	UBERON:feces	marmoset	Callithrixjacchus	pair_reba_chrome	9483	notprovided	g	UCSD	S21131	32.842	Decimaldegrees	adult	-117.258	Decimaldegrees	internal	external	external_internal	reba_chrome	none	D6	14577	feces	marmosetgutmetagenome	notapplicable	MF	EliottField	1441288	lightsontonoon(ZT0-ZT6)	TP6	MarmosetDietChange-ACPResidentProject	363243277	6
14577.AB.TP7	-0.568199858	Post	7/2/202112:00:00PM	7/2/21	12	gel	193	meters	Host-associated	Animal	Animaldistalgut	urbanbiome	animal-associatedhabitat	feces	host-associated	USA:CA:SanDiego	apparentlyhealthy	UBERON:feces	UBERON:feces	UBERON:feces	marmoset	Callithrixjacchus	pair_asami_beryl	9483	notprovided	g	UCSD	S21131	32.842	Decimaldegrees	adult	-117.258	Decimaldegrees	internal	external	external_internal	asami_beryl	none	E7	14577	feces	primatemetagenome	notapplicable	MF	EliottField	1441288	lightsontonoon(ZT0-ZT6)	TP7	MarmosetDietChange-ACPResidentProject	363243293	7
14577.TB.TP8	5.145223303	Post	7/9/202112:00:00PM	7/9/21	12	gel	193	meters	Host-associated	Animal	Animaldistalgut	urbanbiome	animal-associatedhabitat	feces	host-associated	USA:CA:SanDiego	apparentlyhealthy	UBERON:feces	UBERON:feces	UBERON:feces	marmoset	Callithrixjacchus	pair_tammy_bane	9483	notprovided	g	UCSD	S21131	32.842	Decimaldegrees	adult	-117.258	Decimaldegrees	internal	external	external_internal	tammy_bane	none	A9	14577	feces	marmosetgutmetagenome	notapplicable	MF	EliottField	1441288	lightsontonoon(ZT0-ZT6)	TP8	MarmosetDietChange-ACPResidentProject	363243299	8
14577.TB.TP10	2.52914847	Post	4/14/202212:00:00PM	4/14/22	12	gel	193	meters	Host-associated	Animal	Animaldistalgut	urbanbiome	animal-associatedhabitat	feces	host-associated	USA:CA:SanDiego	apparentlyhealthy	UBERON:feces	UBERON:feces	UBERON:feces	marmoset	Callithrixjacchus	pair_tammy_bane	9483	notprovided	g	UCSD	S21131	32.842	Decimaldegrees	adult	-117.258	Decimaldegrees	internal	external	external_internal	tammy_bane	none	D11	14577	feces	marmosetgutmetagenome	notapplicable	MF	EliottField	1441288	lightsontonoon(ZT0-ZT6)	TP10	MarmosetDietChange-ACPResidentProject	363243324	10
14577.TK.TP8	1.299982307	Post	7/9/202112:00:00PM	7/9/21	12	gel	193	meters	Host-associated	Animal	Animaldistalgut	urbanbiome	animal-associatedhabitat	feces	host-associated	USA:CA:SanDiego	apparentlyhealthy	UBERON:feces	UBERON:feces	UBERON:feces	marmoset	Callithrixjacchus	pair_toph_kenny	9483	notprovided	g	UCSD	S21131	32.842	Decimaldegrees	adult	-117.258	Decimaldegrees	external	internal	external_internal	kenny_toph	none	F8	14577	feces	marmosetgutmetagenome	notapplicable	MF	EliottField	1441288	lightsontonoon(ZT0-ZT6)	TP8	MarmosetDietChange-ACPResidentProject	363243306	8
14577.TK.TP10	0.263629373	Post	4/14/202212:00:00PM	4/14/22	12	gel	193	meters	Host-associated	Animal	Animaldistalgut	urbanbiome	animal-associatedhabitat	feces	host-associated	USA:CA:SanDiego	diarrhea	UBERON:feces	UBERON:feces	UBERON:feces	marmoset	Callithrixjacchus	pair_toph_kenny	9483	notprovided	g	UCSD	S21131	32.842	Decimaldegrees	adult	-117.258	Decimaldegrees	external	internal	external_internal	kenny_toph	none	H10	14577	feces	marmosetgutmetagenome	notapplicable	MF	EliottField	1441288	lightsontonoon(ZT0-ZT6)	TP10	MarmosetDietChange-ACPResidentProject	363243320	10
14577.TK.TP4	0.778575005	Pre	6/14/202112:00:00PM	6/14/21	12	pellet	193	meters	Host-associated	Animal	Animaldistalgut	urbanbiome	animal-associatedhabitat	feces	host-associated	USA:CA:SanDiego	apparentlyhealthy	UBERON:feces	UBERON:feces	UBERON:feces	marmoset	Callithrixjacchus	pair_toph_kenny	9483	notprovided	g	UCSD	S21131	32.842	Decimaldegrees	adult	-117.258	Decimaldegrees	external	internal	external_internal	kenny_toph	none	B2	14577	feces	marmosetgutmetagenome	notapplicable	MF	EliottField	1441288	lightsontonoon(ZT0-ZT6)	TP4	MarmosetDietChange-ACPResidentProject	363243270	4
14577.TK.TP5	3.17954945	Transition	6/25/202112:00:00PM	6/25/21	12	gelandpellet	193	meters	Host-associated	Animal	Animaldistalgut	urbanbiome	animal-associatedhabitat	feces	host-associated	USA:CA:SanDiego	apparentlyhealthy	UBERON:feces	UBERON:feces	UBERON:feces	marmoset	Callithrixjacchus	pair_toph_kenny	9483	notprovided	g	UCSD	S21131	32.842	Decimaldegrees	adult	-117.258	Decimaldegrees	external	internal	external_internal	kenny_toph	none	G5	14577	feces	marmosetgutmetagenome	notapplicable	MF	EliottField	1441288	lightsontonoon(ZT0-ZT6)	TP5	MarmosetDietChange-ACPResidentProject	363243280	5
14577.EM.TP6	1.574367087	Post	7/1/202112:00:00PM	7/1/21	11	gel	193	meters	Host-associated	Animal	Animaldistalgut	urbanbiome	animal-associatedhabitat	feces	host-associated	USA:CA:SanDiego	apparentlyhealthy	UBERON:feces	UBERON:feces	UBERON:feces	marmoset	Callithrixjacchus	pair_ellen_mac	9483	notprovided	g	UCSD	S21131	32.842	Decimaldegrees	adult	-117.258	Decimaldegrees	internal	internal	internal_internal	ellen_mac	none	G6	14577	feces	primatemetagenome	notapplicable	MF	EliottField	1441288	lightsontonoon(ZT0-ZT6)	TP6	MarmosetDietChange-ACPResidentProject	363243269	6
14577.AB.TP6	1.979331768	Post	7/1/202112:00:00PM	7/1/21	12	gel	193	meters	Host-associated	Animal	Animaldistalgut	urbanbiome	animal-associatedhabitat	feces	host-associated	USA:CA:SanDiego	apparentlyhealthy	UBERON:feces	UBERON:feces	UBERON:feces	marmoset	Callithrixjacchus	pair_asami_beryl	9483	notprovided	g	UCSD	S21131	32.842	Decimaldegrees	adult	-117.258	Decimaldegrees	internal	external	external_internal	asami_beryl	none	E6	14577	feces	primatemetagenome	notapplicable	MF	EliottField	1441288	lightsontonoon(ZT0-ZT6)	TP6	MarmosetDietChange-ACPResidentProject	363243267	6
14577.EM.TP4	0.297169479	Pre	6/14/202112:00:00PM	6/14/21	11	pellet	193	meters	Host-associated	Animal	Animaldistalgut	urbanbiome	animal-associatedhabitat	feces	host-associated	USA:CA:SanDiego	apparentlyhealthy	UBERON:feces	UBERON:feces	UBERON:feces	marmoset	Callithrixjacchus	pair_ellen_mac	9483	notprovided	g	UCSD	S21131	32.842	Decimaldegrees	adult	-117.258	Decimaldegrees	internal	internal	internal_internal	ellen_mac	none	F4	14577	feces	primatemetagenome	notapplicable	MF	EliottField	1441288	lightsontonoon(ZT0-ZT6)	TP4	MarmosetDietChange-ACPResidentProject	363243261	4
14577.JR.TP3	0.78902871	Pre	6/8/202112:00:00PM	6/8/21	12	gelandpellet	193	meters	Host-associated	Animal	Animaldistalgut	urbanbiome	animal-associatedhabitat	feces	host-associated	USA:CA:SanDiego	apparentlyhealthy	UBERON:feces	UBERON:feces	UBERON:feces	marmoset	Callithrixjacchus	pair_johnny_rene	9483	notprovided	g	UCSD	S21131	32.842	Decimaldegrees	adult	-117.258	Decimaldegrees	external	internal	external_internal	johnny_rene	none	G3	14577	feces	primatemetagenome	notapplicable	MF	EliottField	1441288	lightsontonoon(ZT0-ZT6)	TP3	MarmosetDietChange-ACPResidentProject	363243264	3
14577.AB.TP3	-2.527284671	Pre	6/8/202112:00:00PM	6/8/21	12	gelandpellet	193	meters	Host-associated	Animal	Animaldistalgut	urbanbiome	animal-associatedhabitat	feces	host-associated	USA:CA:SanDiego	apparentlyhealthy	UBERON:feces	UBERON:feces	UBERON:feces	marmoset	Callithrixjacchus	pair_asami_beryl	9483	notprovided	g	UCSD	S21131	32.842	Decimaldegrees	adult	-117.258	Decimaldegrees	internal	external	external_internal	asami_beryl	none	D3	14577	feces	primatemetagenome	notapplicable	MF	EliottField	1441288	lightsontonoon(ZT0-ZT6)	TP3	MarmosetDietChange-ACPResidentProject	363243266	3
14577.GK.TP2	-1.627909527	Pre	6/3/202112:00:00PM	6/3/21	22	pellet	193	meters	Host-associated	Animal	Animaldistalgut	urbanbiome	animal-associatedhabitat	feces	host-associated	USA:CA:SanDiego	apparentlyhealthy	UBERON:feces	UBERON:feces	UBERON:feces	marmoset	Callithrixjacchus	pair_gadget_kirk	9483	notprovided	g	UCSD	S21131	32.842	Decimaldegrees	adult	-117.258	Decimaldegrees	external	external	external_external	gadget_kirk	none	B3	14577	feces	marmosetgutmetagenome	notapplicable	MF	EliottField	1441288	lightsontonoon(ZT0-ZT6)	TP2	MarmosetDietChange-ACPResidentProject	363243262	2
14577.JR.TP6	-3.253585394	Post	7/1/202112:00:00PM	7/1/21	12	gel	193	meters	Host-associated	Animal	Animaldistalgut	urbanbiome	animal-associatedhabitat	feces	host-associated	USA:CA:SanDiego	apparentlyhealthy	UBERON:feces	UBERON:feces	UBERON:feces	marmoset	Callithrixjacchus	pair_johnny_rene	9483	notprovided	g	UCSD	S21131	32.842	Decimaldegrees	adult	-117.258	Decimaldegrees	external	internal	external_internal	johnny_rene	none	H6	14577	feces	primatemetagenome	notapplicable	MF	EliottField	1441288	lightsontonoon(ZT0-ZT6)	TP6	MarmosetDietChange-ACPResidentProject	363243260	6
14577.MA.TP2	1.701443883	Pre	6/3/202112:00:00PM	6/3/21	12	pellet	193	meters	Host-associated	Animal	Animaldistalgut	urbanbiome	animal-associatedhabitat	feces	host-associated	USA:CA:SanDiego	apparentlyhealthy	UBERON:feces	UBERON:feces	UBERON:feces	marmoset	Callithrixjacchus	pair_martina_abel	9483	notprovided	g	UCSD	S21131	32.842	Decimaldegrees	adult	-117.258	Decimaldegrees	internal	external	external_internal	martina_abel	none	A3	14577	feces	marmosetgutmetagenome	notapplicable	MF	EliottField	1441288	lightsontonoon(ZT0-ZT6)	TP2	MarmosetDietChange-ACPResidentProject	363243263	2
14577.AB.TP4	-1.645508177	Pre	6/14/202112:00:00PM	6/14/21	12	gelandpellet	193	meters	Host-associated	Animal	Animaldistalgut	urbanbiome	animal-associatedhabitat	feces	host-associated	USA:CA:SanDiego	apparentlyhealthy	UBERON:feces	UBERON:feces	UBERON:feces	marmoset	Callithrixjacchus	pair_asami_beryl	9483	notprovided	g	UCSD	S21131	32.842	Decimaldegrees	adult	-117.258	Decimaldegrees	internal	external	external_internal	asami_beryl	none	A5	14577	feces	primatemetagenome	notapplicable	MF	EliottField	1441288	lightsontonoon(ZT0-ZT6)	TP4	MarmosetDietChange-ACPResidentProject	363243286	4
14577.GK.TP6	-3.02553812	Post	7/1/202112:00:00PM	7/1/21	22	gel	193	meters	Host-associated	Animal	Animaldistalgut	urbanbiome	animal-associatedhabitat	feces	host-associated	USA:CA:SanDiego	apparentlyhealthy	UBERON:feces	UBERON:feces	UBERON:feces	marmoset	Callithrixjacchus	pair_gadget_kirk	9483	notprovided	g	UCSD	S21131	32.842	Decimaldegrees	adult	-117.258	Decimaldegrees	external	external	external_external	gadget_kirk	none	C7	14577	feces	marmosetgutmetagenome	notapplicable	MF	EliottField	1441288	lightsontonoon(ZT0-ZT6)	TP6	MarmosetDietChange-ACPResidentProject	363243295	6
14577.RC.TP7	-1.560266301	Post	7/2/202112:00:00PM	7/2/21	12	gel	193	meters	Host-associated	Animal	Animaldistalgut	urbanbiome	animal-associatedhabitat	feces	host-associated	USA:CA:SanDiego	apparentlyhealthy	UBERON:feces	UBERON:feces	UBERON:feces	marmoset	Callithrixjacchus	pair_reba_chrome	9483	notprovided	g	UCSD	S21131	32.842	Decimaldegrees	adult	-117.258	Decimaldegrees	internal	external	external_internal	reba_chrome	none	D7	14577	feces	marmosetgutmetagenome	notapplicable	MF	EliottField	1441288	lightsontonoon(ZT0-ZT6)	TP7	MarmosetDietChange-ACPResidentProject	363243294	7
14577.TB.TP5	-0.159814074	Transition	6/25/202112:00:00PM	6/25/21	12	gelandpellet	193	meters	Host-associated	Animal	Animaldistalgut	urbanbiome	animal-associatedhabitat	feces	host-associated	USA:CA:SanDiego	apparentlyhealthy	UBERON:feces	UBERON:feces	UBERON:feces	marmoset	Callithrixjacchus	pair_tammy_bane	9483	notprovided	g	UCSD	S21131	32.842	Decimaldegrees	adult	-117.258	Decimaldegrees	internal	external	external_internal	tammy_bane	none	A6	14577	feces	primatemetagenome	notapplicable	MF	EliottField	1441288	lightsontonoon(ZT0-ZT6)	TP5	MarmosetDietChange-ACPResidentProject	363243284	5